Data Type - Total Exports by Commodity,Hts Num,Description,Year 1996,Year 1997,Year 1998,Year 1999,Year 2000,Year 2001,Year 2002,Year 2003,Year 2004,Year 2005,Year 2006,Year 2007,Year 2008,Year 2009,Year 2010,Year 2011,Year 2012,Year 2013,Year 2014,Year 2015,Year 2016,Year 2017,Year 2018,Percent Change 2017 - 2018
FAS Value,76,ALUMINUM AND ARTICLES THEREOF,758365235,842694538,1021457294,1069029515,1216524766,1016998055,1095993632,1043674174,1348792466,1780862011,2405178713,2491593316,2558115756,1987590889,2692036378,3143082975,3335092296,3567828598,3800555391,3860221813,3560208629,3821897111,4391475233,14.9
FAS Value,51,"WOOL AND FINE OR COARSE ANIMAL HAIR, INCLUDING YARNS AND WOVEN FABRICS THEREOF; HORSEHAIR YARN AND WOVEN FABRIC",19688032,19877694,23235828,25106028,37060113,30442132,20274304,20081578,24835663,25300910,37414264,14238809,13657637,25344553,23032165,13203912,30310393,45996207,28168294,29210545,17580692,19724107,18291727,-7.3
FAS Value,14,"VEGETABLE PLAITING MATERIALS AND VEGETABLE PRODUCTS, NESOI",5655985,5482918,1217101,505064,3666684,523015,2603555,3732869,4692164,1444193,1103550,899828,825203,791037,669303,520072,1164114,1256517,1307271,1033392,1191799,1443656,1353100,-6.3
FAS Value,92,MUSICAL INSTRUMENTS; PARTS AND ACCESSORIES THEREOF,22805077,21227639,20592913,22830435,23466947,20552925,20059581,25012926,28957117,24463083,23214877,15741714,19756247,15715074,24103417,31626365,26827115,28357553,25363908,23903713,18672775,18170489,22536930,24.0
FAS Value,93,ARMS AND AMMUNITION; PARTS AND ACCESSORIES THEREOF,7725394,8982103,9684399,4434722,16870818,3682312,3363684,5026631,5546522,10445947,12240603,14315573,14989225,45505087,35728742,35180051,45493643,36499207,38850829,43821352,43420022,49181146,34685307,-29.5
FAS Value,06,"LIVE TREES AND OTHER PLANTS; BULBS, ROOTS AND THE LIKE; CUT FLOWERS AND ORNAMENTAL FOLIAGE",26680703,28741274,25047743,27216895,25882202,24676190,21881410,25521194,22830544,25177981,27124417,27597841,37410553,31346509,30947026,47922525,55401910,62172030,63272951,64208805,62598603,67658536,75995229,12.3
FAS Value,57,CARPETS AND OTHER TEXTILE FLOOR COVERINGS,52506467,73479483,82338476,90203503,115213236,93945483,99406125,98058393,96518114,97240089,90784905,80144395,96995092,58531169,88927333,96336626,95134138,123990736,141187264,135433195,117874980,121461321,126440772,4.1
FAS Value,10,CEREALS,1840068412,901515008,1304114180,1274665007,1369095382,1524990758,1608561140,1590035693,1773189974,1636621010,2069172089,2753910452,4107085645,2698903221,2931746886,4752603093,4502818499,3437883154,3580342798,3417213758,3661576870,3950497410,4115391997,4.2
FAS Value,22,"BEVERAGES, SPIRITS AND VINEGAR",58292268,82623445,80979412,108478572,142869368,164215097,169070595,188244409,142386997,147266210,167456064,249584297,299747364,244775801,355428496,490761522,556953297,557724582,524720403,503697873,429041646,422977947,435680376,3.0
FAS Value,41,RAW HIDES AND SKINS (OTHER THAN FURSKINS) AND LEATHER,274862974,344677416,378012304,370540425,420026837,361324086,399395539,352006238,651724824,561241690,423066624,411016189,305718101,191531949,273718404,296394229,305443774,392055764,394788555,417040969,435912642,384862703,354062404,-8.0
FAS Value,27,"MINERAL FUELS, MINERAL OILS AND PRODUCTS OF THEIR DISTILLATION; BITUMINOUS SUBSTANCES; MINERAL WAXES",1525109523,2008667308,1776811877,2272926973,4311446107,3295443607,3280024527,2893300776,3336642670,5372118167,5730982067,6795526464,11119400393,7716105262,14257996763,23630158698,23658186157,23084243159,24265725605,18637701940,19589049871,26657855821,34507805128,29.4
FAS Value,33,"ESSENTIAL OILS AND RESINOIDS; PERFUMERY, COSMETIC OR TOILET PREPARATIONS",161951142,210331604,245813485,290901960,333928267,418357643,392718336,355819850,391698236,445048012,491244879,485209473,611657613,553897779,564247939,625328337,730572074,787033173,794714326,813360264,850079356,942767647,886431650,-6.0
FAS Value,68,"ARTICLES OF STONE, PLASTER, CEMENT, ASBESTOS, MICA OR SIMILAR MATERIALS",71379803,95457970,110143922,140740149,152764165,138531367,138800984,151028940,167525531,186128217,205796496,201430786,210358411,166696971,205209700,244552496,240871225,271539874,334793690,350705855,365664019,413815667,468146082,13.1
FAS Value,53,VEGETABLE TEXTILE FIBERS NESOI; YARNS AND WOVEN FABRICS OF VEGETABLE TEXTILE FIBERS NESOI AND PAPER,981604,1148488,1441245,9992276,9512272,4279458,2395290,1051999,2263070,1606098,1164737,1550009,1936199,1386919,1427691,573532,1284471,1778318,4850526,6182373,5306150,4665441,3613784,-22.5
FAS Value,85,"ELECTRICAL MACHINERY AND EQUIPMENT AND PARTS THEREOF; SOUND RECORDERS AND REPRODUCERS, TELEVISION RECORDERS AND REPRODUCERS, PARTS AND ACCESSORIES",13535949765,17408323620,18770869117,22189100070,29484060702,24854536051,21902438189,20898566276,22997243110,23527509027,26536131569,24961004787,24966913490,23842258352,31627373800,32385289582,33897578165,36626018631,38361576926,41134696645,40699695929,41287073103,43311499122,4.9
FAS Value,11,MILLING INDUSTRY PRODUCTS; MALT; STARCHES; INULIN; WHEAT GLUTEN,82773650,85643136,93221596,91053200,91605217,143058794,267937399,369882060,343649558,429201899,523131129,692983415,315985049,355854360,297301410,298263525,351536559,340067854,359410770,370411657,394832669,440754164,461392601,4.7
FAS Value,43,FURSKINS AND ARTIFICIAL FUR; MANUFACTURES THEREOF,4329982,5432528,5132773,4530771,4701069,3612115,2442354,1857203,1265619,3048400,1888795,2711935,2037976,1338929,1083534,1523124,1393650,1241397,2257869,2485700,1749998,1063012,1015149,-4.5
FAS Value,07,EDIBLE VEGETABLES AND CERTAIN ROOTS AND TUBERS,122842315,102703273,178832088,115162153,123488478,137069714,130263821,120965416,133424159,146095070,218133954,228124626,295617317,332297076,304669003,264475695,379410747,318003270,300896466,262820758,301100756,352290449,324389560,-7.9
FAS Value,08,EDIBLE FRUIT AND NUTS; PEEL OF CITRUS FRUIT OR MELONS,111726826,131664615,141911497,208460506,268554206,279441932,259391562,259608770,268483727,326002599,419412677,444226768,593661299,463555735,523546485,611149020,783157626,838754163,817778375,841988892,767906715,844753287,988788839,17.1
FAS Value,04,"DAIRY PRODUCE; BIRDS' EGGS; NATURAL HONEY; EDIBLE PRODUCTS OF ANIMAL ORIGIN, NESOI",98417486,156170659,179682659,165442920,172473580,220165906,183151865,230559468,314969270,402732231,391409574,736252386,824106029,586156491,764639921,1078045500,1165163756,1459903035,1646347412,1307479814,1267706908,1334147186,1429092481,7.1
FAS Value,40,RUBBER AND ARTICLES THEREOF,752724826,1057569973,1202353171,1155034046,1342992929,1248052938,1155606368,1170526936,1375254608,1549992860,1714383887,1732102932,1776818718,1646794486,2080671661,2593708269,3057578630,3139344713,3558342253,3467976211,3174717426,3379703260,3640352271,7.7
FAS Value,95,"TOYS, GAMES AND SPORTS EQUIPMENT; PARTS AND ACCESSORIES THEREOF",259086665,380839870,350597220,360073174,373566125,316284873,277645542,224426501,238454561,299224212,619418185,1442874666,1534291091,1208060520,889759015,849171969,864411673,764478129,847819844,757073834,696529863,785600948,783474754,-0.3
FAS Value,66,"UMBRELLAS, SUN UMBRELLAS, WALKING-STICKS, SEAT-STICKS, WHIPS, RIDING-CROPS AND PARTS THEREOF",1532165,2688103,2336609,4387836,3648051,4405997,2386599,1321457,2368663,2967287,1902141,2486310,4207209,3687307,3742698,4913758,5260572,3781160,4756408,8646297,6318854,6285255,6098089,-3.0
FAS Value,48,"PAPER AND PAPERBOARD; ARTICLES OF PAPER PULP, PAPER OR PAPERBOARD",1473981597,1646715438,1864015260,2049249132,2474043813,2324226243,2078646866,2145488644,2298548710,2451265778,2771855937,2791797807,3021788303,2907078965,3295516922,3452679282,3654533726,3818922282,3871285114,3938053730,3802028792,4024231620,4165796629,3.5
FAS Value,67,PREPARED FEATHERS AND DOWN AND ARTICLES THEREOF; ARTIFICIAL FLOWERS; ARTICLES OF HUMAN HAIR,3075006,5333594,4858198,7708676,8554890,9023903,7031321,5072328,6495786,6642928,7364789,9162157,8563380,6354094,6361756,8905869,8552236,11064139,9851012,13187986,9983434,8323332,10589341,27.2
FAS Value,65,HEADGEAR AND PARTS THEREOF,9118953,10990906,11242697,10122228,13059234,12592559,11076926,8895072,9866016,9925169,8098493,9396944,14012193,14753628,23533006,29178772,29761687,28474272,33101590,34487600,32385468,32841730,36532061,11.2
FAS Value,44,WOOD AND ARTICLES OF WOOD; WOOD CHARCOAL,249903596,293742379,368251512,400817763,476075205,404387509,417360027,434856709,490639492,547241316,609758582,572161602,539873672,453887502,532572945,568318895,651538506,670601868,724330493,760521361,762735896,773313536,796066163,2.9
FAS Value,16,"EDIBLE PREPARATIONS OF MEAT, FISH, CRUSTACEANS, MOLLUSCS OR OTHER AQUATIC INVERTEBRATES",39196466,49282056,62141778,57829282,79456717,90055387,94300241,98011413,114049487,126633590,126223178,139208437,157040782,157994610,171431079,186523913,228596111,268676822,315227523,296785293,290714768,316873256,341216385,7.7
FAS Value,91,CLOCKS AND WATCHES AND PARTS THEREOF,54313366,54688819,52008783,49211776,68872749,70546872,49701880,47450417,48528016,42689796,56535469,54490006,64778258,44772920,57064339,69246618,75432476,63065884,57855772,58264215,53491149,90183859,98450627,9.2
FAS Value,28,"INORGANIC CHEMICALS; ORGANIC OR INORGANIC COMPOUNDS OF PRECIOUS METALS, OF RARE-EARTH METALS, OF RADIOACTIVE ELEMENTS OR OF ISOTOPES",415865395,465677028,501446825,474620419,499606223,474732572,468560894,396454240,480252560,572606760,723115386,836998287,1006669969,740068195,838039286,1039926174,1162282245,1240353523,1350512472,1386781515,1278294796,1628236827,1753807057,7.7
FAS Value,50,"SILK, INCLUDING YARNS AND WOVEN FABRICS THEREOF",11594541,3949468,4346388,2378458,3890916,3725629,2122746,2457665,2520857,1277477,24593297,3622299,2508158,3245236,1514860,874544,1910460,2121432,1452038,1052463,337404,229775,406355,76.8
FAS Value,17,SUGARS AND SUGAR CONFECTIONERY,114008417,106536251,102552117,101872760,114353202,90847633,64522698,92429001,122280617,176284256,301322261,426754472,427633722,403173999,720239293,882709771,1024432484,878670857,697085690,691435874,670603405,751767912,751060188,-0.1
FAS Value,78,LEAD AND ARTICLES THEREOF,43273922,22226531,56085308,89673312,86253600,24649706,19379017,24976467,29225298,47100463,55935107,65774742,102091560,64976069,62320012,39804433,41305984,56233624,52929088,41346901,30996607,31073870,27793663,-10.6
FAS Value,82,"TOOLS, IMPLEMENTS, CUTLERY, SPOONS AND FORKS, OF BASE METAL; PARTS THEREOF OF BASE METAL",177913918,242140994,268672826,381098011,403536554,325389458,286451278,297865984,321236668,339648006,384214317,396831947,498405954,421085268,542069736,615966680,695424625,748328229,759791219,912098276,876039742,890061564,933890402,4.9
FAS Value,26,"ORES, SLAG AND ASH",33739870,36436906,48451499,45699175,55582119,106930354,131873260,91320869,85235021,114306222,351951793,225952664,782590359,250672928,316692659,1082343905,1261165026,1886910868,2551272983,2660051597,1796266926,1158742084,1198146234,3.4
FAS Value,29,ORGANIC CHEMICALS,1210949800,1511222840,1420763477,1575907234,2040673506,1861111777,1928901630,2365257707,3318415098,3712157607,4166459828,4796930110,5140828662,4441201279,5019096437,6403857184,7019467357,6697435758,6430066854,4847520623,4535569416,5538624996,6464420213,16.7
FAS Value,42,"ARTICLES OF LEATHER; SADDLERY AND HARNESS; TRAVEL GOODS, HANDBAGS AND SIMILAR CONTAINERS; ARTICLES  OF GUT (OTHER THAN SILKWORM GUT)",42732271,43480300,68111543,90776431,132254045,72721581,74049866,76961892,129916031,238214449,265691885,156579823,191528224,122336520,150740163,158337411,197626549,213449205,205413806,231446502,246442078,195241855,271527643,39.1
FAS Value,52,"COTTON, INCLUDING YARNS AND WOVEN FABRICS THEREOF",466715118,598626748,937509605,991838782,1453447405,1226894296,1036855218,1081971361,1208579606,1054435000,947265864,780751806,855840270,761194505,994140355,1331698844,880765925,903649435,931620575,814647515,697927263,779122537,788759939,1.2
FAS Value,20,"PREPARATIONS OF VEGETABLES, FRUIT, NUTS, OR OTHER PARTS OF PLANTS",44978120,67940707,105139457,108789987,148320942,140010166,147901645,164917723,182423503,227444117,264723296,228939718,261244075,234486165,254074662,322787186,344151605,408397336,418485482,425221322,400924361,416927634,423355434,1.5
FAS Value,19,"PREPARATIONS OF CEREALS, FLOUR, STARCH OR MILK; BAKERS' WARES",56455806,69545398,93390849,88664827,102520326,115946805,127671889,158738723,222685578,278268235,161064841,193275138,197410256,194598053,230813644,266229347,292153865,349231898,380632734,387837590,356833892,340758910,350816608,3.0
FAS Value,71,"NATURAL OR CULTURED PEARLS, PRECIOUS OR SEMIPRECIOUS STONES, PRECIOUS METALS; PRECIOUS METAL CLAD METALS, ARTICLES THEREOF; IMITATION JEWELRY; COIN",102651813,236747589,365154576,507009857,662347900,506564780,517116972,466879125,613299147,532447197,705926843,720960064,625784248,709789374,858613067,1130449142,1086208782,805868931,763760696,771630235,662537978,591120708,750022016,26.9
FAS Value,35,ALBUMINOIDAL SUBSTANCES; MODIFIED STARCHES; GLUES; ENZYMES,113276477,132092249,139681782,154952815,206045497,181571436,181344896,206147621,233257701,276035388,296599937,396615019,373467595,323118256,355393841,397713130,454958331,476584347,510892389,500311926,523966955,544724254,535616118,-1.7
FAS Value,32,"TANNING OR DYEING EXTRACTS; TANNINS AND DERIVATIVES; DYES, PIGMENTS AND OTHER COLORING MATTER; PAINTS AND VARNISHES; PUTTY AND OTHER MASTICS; INKS",265841414,339986790,423542678,483057987,567489216,528264179,484780059,548406270,601035850,669289002,732345988,682042902,731024154,743142285,882549554,1058378926,1166192082,1201012685,1316817369,1339581860,1319692964,1437222077,1568773074,9.2
FAS Value,74,COPPER AND ARTICLES THEREOF,357775487,448659553,470483265,481074441,720175878,550601153,584533099,606954042,947744450,1137981535,1753096165,1693889632,1609521875,1087846355,1790756119,2019359031,2120925129,2272399263,2208794360,2210456872,2066204466,2411192094,2682267093,11.2
FAS Value,39,PLASTICS AND ARTICLES THEREOF,3550721462,4335604652,4974470264,5669044312,7197761817,6625017597,6688525752,7058495558,8051786508,9342338692,10366835620,10485786571,10698930488,9354462184,11443544637,12672655883,13914008007,15280615950,16438943146,16502734977,16163347864,16644474389,17867388674,7.3
FAS Value,05,"PRODUCTS OF ANIMAL ORIGIN, NESOI",41561466,49695589,55433989,57937831,93020909,194028232,239065628,255308236,237965776,315578782,376777490,429957446,524519267,219940202,115038474,139787401,159074861,187023719,220148141,230677283,208248921,202535608,217174398,7.2
FAS Value,89,"SHIPS, BOATS AND FLOATING STRUCTURES",18059223,21885453,51002554,110337867,30594210,36971035,83931220,101021787,108804676,104859631,174760651,95929681,101711093,138106896,123971463,97132578,119835287,125181269,196671131,242252106,172712401,173154027,377250197,117.9
FAS Value,15,ANIMAL OR VEGETABLE FATS AND OILS AND THEIR CLEAVAGE PRODUCTS; PREPARED EDIBLE FATS; ANIMAL OR VEGETABLE WAXES,320896774,371940712,457076479,356073963,308801645,273818879,459670528,383711574,494990788,428220920,387798720,544364627,883792312,635028363,798040859,940277332,889820227,777060884,679544890,665096166,662105093,624153506,535974738,-14.1
FAS Value,25,"SALT; SULFUR; EARTHS AND STONE; PLASTERING MATERIALS, LIME AND CEMENT",86755165,103728085,149500248,127024286,128666220,126576096,101404851,100733249,98678611,112412921,151789255,155113380,172903210,133817786,183045104,241163480,288852961,273535657,258643805,277469239,242034869,265311439,360732993,36.0
FAS Value,38,MISCELLANEOUS CHEMICAL PRODUCTS,545722057,647104320,722097725,692061854,808411730,734510487,759974865,807757026,949135593,1124815592,1336850775,1328864916,1641625362,1619959620,1836017475,2075963215,2319739758,2596084697,2915116208,2873240808,2843438473,2992138799,3564190155,19.1
FAS Value,46,"MANUFACTURES OF STRAW, ESPARTO OR OTHER PLAITING MATERIALS; BASKETWARE AND WICKERWORK",893057,676262,2704711,6773285,7924523,3477446,971167,4960220,6773452,6787632,1962851,1952143,4940592,3126147,3277310,2208364,1695475,1624031,1360001,1267701,1400797,1142955,2093223,83.1
FAS Value,12,"OIL SEEDS AND OLEAGINOUS FRUITS; MISCELLANEOUS GRAINS, SEEDS AND FRUITS; INDUSTRIAL OR MEDICINAL PLANTS; STRAW AND FODDER",987597644,1062188277,928209320,818742421,894159982,946118507,1117163808,1224059589,1116200977,1282267906,1318552837,1644400788,2403838672,1889825047,2055498345,2245587909,2603010528,2329225877,2419647971,1935928927,2010112136,2082877277,2305506512,10.7
FAS Value,02,MEAT AND EDIBLE MEAT OFFAL,500566978,698916051,823255035,863443673,1125863046,1203435125,1132517295,1252717823,1264614088,1552714560,1789065154,1722219727,2109099323,1971411665,2303900641,2698021248,2769695522,3046860552,3698966064,3062982392,2997640833,3139277963,2999434981,-4.5
FAS Value,70,GLASS AND GLASSWARE,259334369,316633173,334646352,370823957,498650193,456982722,516307025,524401366,508993000,430950352,448104694,507355541,491497029,475046680,555421514,577595328,646498310,650789278,717552437,769773201,827738058,851532336,873933232,2.6
FAS Value,64,"FOOTWEAR, GAITERS AND THE LIKE; PARTS OF SUCH ARTICLES",75796924,105385871,101240803,110249906,161728568,129236417,106804466,94078016,63004601,52023794,66876804,73894797,115828847,79212781,108538951,105598602,97051335,120755684,120055385,134199405,96683242,94982085,103594253,9.1
FAS Value,72,IRON AND STEEL,880391173,1028847587,988528132,946493912,1138367894,1202620936,1098127583,1169679258,1521134718,1836102578,2070910196,2180096207,3066946074,2009298217,2718330600,3737098639,4170076443,4037639901,4394656413,4133693909,3830729945,4584617789,4616133347,0.7
FAS Value,03,"FISH AND CRUSTACEANS, MOLLUSCS AND OTHER AQUATIC INVERTEBRATES",34277959,36255953,38011881,34925737,44565591,49364598,44961348,56284425,44864791,48189158,43615066,37229259,41564860,28288056,23961154,24823169,22849684,23067658,23732112,21872371,41545513,36377903,27730188,-23.8
FAS Value,56,"WADDING, FELT AND NONWOVENS; SPECIAL YARNS; TWINE, CORDAGE, ROPES AND CABLES AND ARTICLES THEREOF",180286559,195837110,256797539,237765576,253655942,256695382,280686768,301606122,320572977,367690629,406135699,362785484,352520061,358334990,444679575,488439092,500799918,561220253,647238117,671778565,675386539,718332116,711050181,-1.0
FAS Value,69,CERAMIC PRODUCTS,81337808,78379700,109971204,130628274,163276369,163609236,171695314,105424629,122108942,137368786,158688480,207800166,186508810,156242425,213315904,265189981,296644833,269602601,303074381,282176176,265082571,297152363,333138131,12.1
FAS Value,36,EXPLOSIVES; PYROTECHNIC PRODUCTS; MATCHES; PYROPHORIC ALLOYS; CERTAIN COMBUSTIBLE PREPARATIONS,10372815,11390581,15797961,24832004,39433361,30681132,62604313,148135337,169814483,146516692,198199892,215398602,188367790,181180386,220295873,209759992,230746291,190587355,197271948,200934944,177916303,171815475,131869820,-23.2
FAS Value,47,PULP OF WOOD OR OTHER FIBROUS CELLULOSIC MATERIAL; RECOVERED (WASTE AND SCRAP) PAPER AND PAPERBOARD,332443224,393544831,373196667,395439103,495961513,400991010,471916737,493590292,561401502,615503887,674397329,762871258,1087902582,657409085,945727141,921873165,774040396,812703108,811301493,725451752,732047565,826828035,912392291,10.3
FAS Value,31,FERTILIZERS,147287040,142131526,142991732,147421662,157670308,160684275,195906489,226499970,308518825,323901422,393690014,394991992,452622637,264239780,304989160,379568886,415247171,334110561,317883697,297333106,237212197,277409040,288705153,4.1
FAS Value,75,NICKEL AND ARTICLES THEREOF,11818247,20085763,21568747,23713011,56761360,62790615,87151859,77380005,87706657,119943291,147022807,169823085,209285935,144704997,133619413,174299639,175877846,174556773,199082032,167516701,175087461,198100208,293510567,48.2
FAS Value,01,LIVE ANIMALS,81130489,209456018,141524773,103680807,122208441,145992397,140124531,71290984,68167751,68928263,64607228,91595986,127044034,88462432,106090427,105990041,110395613,146415524,156610065,130716305,131603373,131481431,120957697,-8.0
FAS Value,83,MISCELLANEOUS ARTICLES OF BASE METAL,460581791,519196280,561715829,572083743,981745411,841445488,804886192,740852154,915648834,969936444,1016898583,1020640321,969451646,767463360,864328557,965512876,1096263599,1222088124,1450748160,1420290861,1510253397,1503746162,1599577549,6.4
FAS Value,34,"SOAP ETC.; LUBRICATING PRODUCTS; WAXES, POLISHING OR SCOURING PRODUCTS; CANDLES ETC., MODELING PASTES; DENTAL WAXES AND DENTAL PLASTER PREPARATIONS",107930694,140666497,182924444,181949333,212872401,207959658,205056106,224390852,259507661,274495846,359285996,300675162,368045290,388922349,372722717,472587628,550302371,617384824,660012172,662246128,647922326,669563446,718859114,7.4
FAS Value,62,"ARTICLES OF APPAREL AND CLOTHING ACCESSORIES, NOT KNITTED OR CROCHETED",947647818,1191461357,1353197821,1174153900,1105502371,797452989,794398301,677495972,548083762,473313450,378588636,266606741,264305270,246855128,251781424,306349284,309048353,291021583,335733224,407913132,306839020,338931506,368143554,8.6
FAS Value,60,KNITTED OR CROCHETED FABRICS,61979568,87988566,117422523,168519187,343826257,355568116,332148832,365378826,542125582,622298440,618445330,629805952,565596543,366824830,415436891,383569054,353741235,396295961,392975858,432421219,354381562,312566646,311731512,-0.3
FAS Value,98,"SPECIAL CLASSIFICATION PROVISIONS, NESOI",2220985092,2843036639,3382846765,3837685845,4629374685,4008986198,3720912361,3557202915,3797113804,3993130603,4439607352,4721828270,5078982841,3959913379,5218690277,6130221906,6615194817,6892295451,7394354638,7134044120,6760767955,7056236655,7712066807,9.3
FAS Value,24,TOBACCO AND MANUFACTURED TOBACCO SUBSTITUTES,38472622,23261944,11155897,11905688,8644702,10798678,14909122,12708387,12618326,19875709,32351722,48365679,66018538,122701618,126318809,163432802,135228671,113319359,96644840,93200875,87076924,83560793,101498814,21.5
FAS Value,37,PHOTOGRAPHIC OR CINEMATOGRAPHIC GOODS,176886298,252065004,298321465,342382023,488823465,454998200,553403339,474486727,507487227,403090362,681624283,578357286,519208559,442745144,444094932,398589960,370561222,376452737,335878166,271665727,220935595,183689705,160375360,-12.7
FAS Value,97,"WORKS OF ART, COLLECTORS' PIECES AND ANTIQUES",26196636,24088240,30455188,15716169,18478600,12721022,14473357,19705993,89355333,27399653,39844912,22516453,40395193,41583618,26500411,52096601,61397466,30166724,57651051,62565690,113714756,130298300,148308009,13.8
FAS Value,94,"FURNITURE; BEDDING, CUSHIONS ETC.; LAMPS AND LIGHTING FITTINGS NESOI; ILLUMINATED SIGNS, NAMEPLATES AND THE LIKE; PREFABRICATED BUILDINGS",683074683,929428939,1109200110,934608340,1170195062,1133730940,1090573032,996392988,964456937,990815850,1018179828,922031379,1031220340,801957855,1096283882,1319008344,1605551895,1902502664,2338550443,2452310104,2409760406,2220999906,2144644714,-3.4
FAS Value,49,"PRINTED BOOKS, NEWSPAPERS, PICTURES AND OTHER PRINTED PRODUCTS; MANUSCRIPTS, TYPESCRIPTS AND PLANS",235917565,214929920,254095431,288926040,345673644,333060805,280783773,310622417,294719751,428699337,399079272,399518373,378105429,358998622,417861496,407694213,425032024,418743139,404335662,411755761,432594713,407857784,412409529,1.1
FAS Value,09,"COFFEE, TEA, MATE AND SPICES",5666113,26488262,31116283,15935139,13106040,17871558,12495863,11557159,14387922,13064735,8720086,8562186,10820058,8700118,27356930,28854014,27644711,28900581,34012093,45622166,42226929,44113451,44538208,1.0
FAS Value,96,MISCELLANEOUS MANUFACTURED ARTICLES,133175704,225454079,240783542,269959552,256124617,182525531,222898705,220355742,217482572,220371949,243486764,232151916,226009786,184594750,220058293,235915688,269807688,309207744,337618523,345402165,366677145,399496297,428149921,7.2
FAS Value,23,RESIDUES AND WASTE FROM THE FOOD INDUSTRIES; PREPARED ANIMAL FEED,234033559,207387391,245348357,263821915,326803506,498745963,305989299,383758633,453735474,501398805,615313444,725319327,933487688,909668525,890156456,1095543251,1068443571,1083669737,1374504664,1370982985,1459010812,1436439869,1437073397,0.0
FAS Value,73,ARTICLES OF IRON OR STEEL,1730526927,1624718742,1791218427,1979249877,2624041283,1951979301,1749905905,1775027098,2064867390,2427116010,2860159693,2927651570,3098080499,2527115223,3082505014,3633753706,4589726783,4945036076,5477198815,5233881227,5030860451,5202117375,5511446790,5.9
FAS Value,59,"IMPREGNATED, COATED, COVERED OR LAMINATED TEXTILE FABRICS; TEXTILE ARTICLES SUITABLE FOR INDUSTRIAL USE",82866327,138301413,239457342,256278182,280738551,429621602,471505485,608255694,560327229,552681384,529876877,621041919,562734370,461994566,672022620,756043583,905032659,1007140565,1124965337,1166095332,1155059550,1166269896,1199700126,2.9
FAS Value,63,MADE-UP TEXTILE ARTICLES NESOI; NEEDLECRAFT SETS; WORN CLOTHING AND WORN TEXTILE ARTICLES; RAGS,130655812,161221179,157959312,171294280,211629541,127358914,107174556,87888812,96298762,131488577,157686094,192027822,202519632,195564286,209029673,311103064,296351937,353195810,406742363,469048013,380131648,412114540,387554417,-6.0
FAS Value,90,"OPTICAL, PHOTOGRAPHIC, CINEMATOGRAPHIC, MEASURING, CHECKING, PRECISION, MEDICAL OR SURGICAL INSTRUMENTS AND APPARATUS; PARTS AND ACCESSORIES THEREOF",1479313143,2103575766,2278683827,2346317376,2996363647,3208473422,3437663673,3584585771,3883939536,3761815656,3805611550,3827197621,4490346310,4590512884,4406321342,4846777876,5435818355,5755982951,6370861000,6735856428,7051126283,6946929674,7541680427,8.6
FAS Value,30,PHARMACEUTICAL PRODUCTS,121175243,148629348,172228076,198228424,314030106,353542999,374569677,422010327,547008085,613345906,698273635,609797209,863997256,1146019733,1363238877,1345421423,1636726349,1470895116,1612929533,1587575857,1458199398,1314113048,1476407650,12.4
FAS Value,79,ZINC AND ARTICLES THEREOF,13758518,14804474,20964007,26723345,32131977,28644597,35616399,32635196,41271933,33676437,44018132,50814393,57265526,39683985,55657695,84433563,94087266,103431569,114869769,119670776,160685083,146197157,212878779,45.6
FAS Value,61,"ARTICLES OF APPAREL AND CLOTHING ACCESSORIES, KNITTED OR CROCHETED",705311068,989590297,1225130067,1324873351,1280554536,1184496947,1041124210,934714056,709937151,600632330,580020202,405639492,395486057,423730985,478575882,514726630,524784097,573658593,608867074,618724666,552779256,503976470,590168438,17.1
FAS Value,81,BASE METALS NESOI; CERMETS; ARTICLES THEREOF,14210491,17819650,18762636,21929171,41885259,61889483,82849889,44330085,39456679,52211774,64681960,133846720,192393810,158798040,228595081,237555919,238020203,305637199,351302636,273571730,264477626,279053732,315009108,12.9
FAS Value,45,CORK AND ARTICLES OF CORK,2170504,1862442,1952657,3143368,4985719,2765890,3390428,2213017,2208626,5479718,4827747,2621204,3110217,2230299,2449386,2711567,3201405,3653124,4739355,4453681,4624097,4340205,4488607,3.4
FAS Value,55,"MANMADE STAPLE FIBERS, INCLUDING YARNS AND WOVEN FABRICS THEREOF",122421029,144397716,219090360,299623782,356425054,317559689,317398219,321485864,361158527,435829251,463000332,427670957,394723160,274609307,367934359,435534022,472976240,510138754,440703297,412661648,393026568,397964788,420314525,5.6
FAS Value,18,COCOA AND COCOA PREPARATIONS,47334030,43898934,59458161,83902497,160844842,263429105,87342311,102923784,104902624,108691580,121749460,150355315,219041357,193727428,203342378,242039338,268255937,316391921,297130722,266603725,281423185,264700501,249463892,-5.8
FAS Value,84,"NUCLEAR REACTORS, BOILERS, MACHINERY AND MECHANICAL APPLIANCES; PARTS THEREOF",7415554616,10332829932,11213366153,12527399586,15573135568,14609844677,14860437002,15980701240,19015665443,20075904763,21298205826,20538893539,22534315168,20576510036,24741755450,31396708190,35994732272,38524944219,43271332334,42167580128,41806259115,42788077320,46241271895,8.1
FAS Value,86,"RAILWAY OR TRAMWAY LOCOMOTIVES, ROLLING STOCK, TRACK FIXTURES AND FITTINGS, AND PARTS THEREOF; MECHANICAL ETC. TRAFFIC SIGNAL EQUIPMENT OF ALL KINDS",44431539,87639653,199920696,306016819,269661926,242696305,107684617,165745663,243528869,323337868,422933450,610243679,264689504,155026648,331974844,819014035,1013874414,933120040,1366195955,1598660483,1226903490,787961943,938015488,19.0
FAS Value,54,"MANMADE FILAMENTS, INCLUDING YARNS AND WOVEN FABRICS THEREOF",324306267,400279595,448515600,667077617,975105872,757252542,683271707,522595770,578598069,532399309,505870414,387772969,360663414,301302621,360669525,363895256,434602303,444791877,491601121,526942446,530436272,543730282,617272293,13.5
FAS Value,13,LAC; GUMS; RESINS AND OTHER VEGETABLE SAPS AND EXTRACTS,23490197,20946728,34566122,30559751,37218052,38696319,31624091,34052648,39682528,25714082,36697155,36243380,48756372,59662851,59912472,61574176,90993788,55470671,52568525,52170667,48244835,42107042,60187285,42.9
FAS Value,58,SPECIAL WOVEN FABRICS; TUFTED TEXTILE FABRICS; LACE; TAPESTRIES; TRIMMINGS; EMBROIDERY,141746944,164174498,214802109,374819502,392063677,279950517,266022410,262070204,342798698,416861533,392388136,311274108,242047842,192859196,205728743,199119188,200514621,191001741,202187428,201768667,204133953,221065080,230947454,4.5
FAS Value,80,TIN AND ARTICLES THEREOF,16789716,18723580,28590142,27831574,18732720,15038682,10087208,13318806,27203083,36091325,40729617,52238594,85628883,41222107,72735359,84498580,61664828,61631035,58862433,54932861,54350887,54718454,57705891,5.5
FAS Value,21,MISCELLANEOUS EDIBLE PREPARATIONS,144637967,175251759,231260690,304120521,344252368,410934364,437312778,511128952,584783216,722200910,947343173,687776507,727324492,704965557,720079120,813700194,894213344,978744931,1076634533,1064560593,1106355438,1097846297,1144130126,4.2
FAS Value,88,"AIRCRAFT, SPACECRAFT, AND PARTS THEREOF",136257124,226710100,595631101,393315470,377989948,691483516,467562159,671264999,876713933,952715794,1702652618,892608107,1198613244,1565415858,1476255864,1623813664,2558881509,3299929617,3007159940,4280989700,3033479187,3782542704,3523638816,-6.8
FAS Value,87,"VEHICLES, OTHER THAN RAILWAY OR TRAMWAY ROLLING STOCK, AND PARTS AND ACCESSORIES THEREOF",5501249208,7685828792,7978242884,8243103822,11440455489,11048564426,10695635597,9576604259,10794019904,11322082021,12236389760,13419073454,13959861386,10113799027,14535425253,17893829807,20278049793,21607458132,21250783823,22406834646,21399326955,21181034945,22153042018,4.6
